{"cameraMode":{"drawMode":0,"name":"Shaded","section":"Shading Mode"},"sceneLighting":true,"audioPlay":false,"sceneViewState":{"m_AlwaysRefresh":false,"showFog":true,"showSkybox":true,"showFlares":true,"showImageEffects":true,"showParticleSystems":true,"showVisualEffectGraphs":true,"m_FxEnabled":true},"in2DMode":false,"pivot":{"x":494.6182861328125,"y":329.0641174316406,"z":189.710693359375},"rotation":{"x":0.07599693536758423,"y":0.055905185639858249,"z":0.0042689950205385689,"w":-0.9955325722694397},"size":494.9745178222656,"orthographic":false}